{"kc": {"cal1": [903.2367553042166, 261.5308838155866], "cal2": [1144.7633054166665, 1786.4691157107907], "cal3": [261.5308837133244, 1144.7633056214424], "cal4": [1786.4691159803263, 903.2367554741043], "test": [0, 0]}, "board": {"r_board": 0.2255, "r_double": 0.17, "r_treble": 0.107, "r_outer_bull": 0.017, "r_inner_bull": 0.007, "w_double_treble": 0.01, "width": 2048, "height": 2048}}