{"kc": {"cal1": [903.2367553710938, 261.5308837890625], "cal2": [1144.7633056640623, 1786.4691162109375], "cal3": [261.5308837890625, 1144.7633056640627], "cal4": [1786.4691162109375, 903.2367553710939], "test": [1024.0, 1024.0000000000002]}, "board": {"r_board": 0.2255, "r_double": 0.17, "r_treble": 0.1064, "r_outer_bull": 0.0174, "r_inner_bull": 0.007, "w_double_treble": 0.01, "width": 2048, "height": 2048}}