{"kc": {"cal1": [903.2367555061285, 261.5308837646013], "cal2": [1144.763305530445, 1786.4691161180226], "cal3": [261.53088377859643, 1144.7633056673324], "cal4": [1786.4691164586689, 903.2367552052006], "test": [0, 0]}, "board": {"r_board": 0.2255, "r_double": 0.17, "r_treble": 0.106, "r_outer_bull": 0.017, "r_inner_bull": 0.007, "w_double_treble": 0.01, "width": 2048, "height": 2048}}