{"kc": {"cal1": [356.77516432090096, 102.25094960212196], "cal2": [443.7958084035794, 697.2902143707264], "cal3": [103.18598790668229, 443.4554993471151], "cal4": [696.6465480146255, 355.06055367971027], "test": [0, 0]}, "board": {"r_board": 0.2255, "r_double": 0.17, "r_treble": 0.1074, "r_outer_bull": 0.0159, "r_inner_bull": 0.00635, "w_double_treble": 0.01, "width": 800, "height": 800}}