{"kc": {"cal1": [900.3971075643808, 259.4011479409683], "cal2": [1142.0372437895626, 1785.106085340266], "cal3": [260.6221965097441, 1143.8546184019162], "cal4": [1784.765327578192, 900.397107562966], "test": [0, 0]}, "board": {"r_board": 0.2255, "r_double": 0.17, "r_treble": 0.107, "r_outer_bull": 0.017, "r_inner_bull": 0.0068, "w_double_treble": 0.01, "width": 2048, "height": 2048}}