{"kc": {"cal1": [901.6084594519835, 251.25039672921312], "cal2": [1146.3914796278873, 1796.7496336453507], "cal3": [251.25039672083756, 1146.3914793823867], "cal4": [1796.7496339074644, 901.6084595460462], "test": [-9.542176750330965, -13.833415877320297]}, "board": {"r_board": 0.2225, "r_double": 0.17, "r_treble": 0.107, "r_outer_bull": 0.0174, "r_inner_bull": 0.0073, "w_double_treble": 0.0105, "width": 2048, "height": 2048}}