{"kc": {"cal1": [903.2367553294561, 261.53088376971226], "cal2": [1144.763305390312, 1786.4691170888746], "cal3": [261.53088382149195, 1144.7633054256899], "cal4": [1786.4691167223452, 903.236755766168], "test": [0, 0]}, "board": {"r_board": 0.2255, "r_double": 0.172, "r_treble": 0.1074, "r_outer_bull": 0.018, "r_inner_bull": 0.00735, "w_double_treble": 0.01, "width": 2048, "height": 2048}}