{"kc": {"cal1": [903.2367561044849, 261.530883749549], "cal2": [1144.7633055366925, 1786.469116751348], "cal3": [261.5308836971877, 1144.7633054592309], "cal4": [1786.469116626225, 903.2367550764943], "test": [1023.9999588462733, 1024.0000023928578]}, "board": {"r_board": 0.2255, "r_double": 0.17, "r_treble": 0.1064, "r_outer_bull": 0.0179, "r_inner_bull": 0.007, "w_double_treble": 0.0105, "width": 2048, "height": 2048}}