{"kc": {"cal1": [903.2367556337056, 261.5308836890648], "cal2": [1145.3466009129045, 1785.8858211066577], "cal3": [261.53088366631454, 1144.7633057551334], "cal4": [1786.2301965400325, 902.7589208402743], "test": [0, 0]}, "board": {"r_board": 0.2255, "r_double": 0.17, "r_treble": 0.1074, "r_outer_bull": 0.0159, "r_inner_bull": 0.00635, "w_double_treble": 0.01, "width": 2048, "height": 2048}}