{"kc": {"cal1": [903.2367556717986, 261.5308835182145], "cal2": [1144.7632998390031, 1786.4691098374437], "cal3": [261.53088383451086, 1144.763310479791], "cal4": [1786.4691085342374, 903.2367544382599], "test": [183.86905047231642, -364.9487682636041]}, "board": {"r_board": 0.2255, "r_double": 0.17, "r_treble": 0.1074, "r_outer_bull": 0.0159, "r_inner_bull": 0.00635, "w_double_treble": 0.01, "width": 2048, "height": 2048}}