{"kc": {"cal1": [903.2367553540748, 261.5308837914745], "cal2": [1144.7633057082317, 1786.4691162574416], "cal3": [261.5308837931175, 1144.7633056676304], "cal4": [1786.4691161614758, 903.2367554197958], "test": [-52.86385324793374, -51.80573779492031]}, "board": {"r_board": 0.2255, "r_double": 0.17, "r_treble": 0.1074, "r_outer_bull": 0.0159, "r_inner_bull": 0.00635, "w_double_treble": 0.01, "width": 2048, "height": 2048}}