{"kc": {"cal1": [442.4211714914587, 147.86829790385727], "cal2": [559.7410317371251, 856.7690746922327], "cal3": [146.19815905087063, 559.8772678335363], "cal4": [854.2582984568596, 442.295259525289], "test": [0, 0]}, "board": {"r_board": 0.2255, "r_double": 0.17, "r_treble": 0.1074, "r_outer_bull": 0.0159, "r_inner_bull": 0.00635, "w_double_treble": 0.01, "width": 1000, "height": 1000}}