{"kc": {"cal1": [400.9002686331997, 112.33593075094221], "cal2": [500.186948254441, 777.7256278875993], "cal3": [118.21212669590804, 494.167467922393], "cal4": [783.6857264025601, 393.3401545171995], "test": [0, 0]}, "board": {"r_board": 0.2255, "r_double": 0.17, "r_treble": 0.1074, "r_outer_bull": 0.0159, "r_inner_bull": 0.00635, "w_double_treble": 0.01, "width": 899, "height": 897}}