{"kc": {"cal1": [296.96424730482755, 115.35471886580304], "cal2": [373.72475440728374, 582.2155097264553], "cal3": [102.1255947342217, 387.13455269736505], "cal4": [567.257490037039, 311.02199645003606], "test": [0, 0]}, "board": {"r_board": 0.2255, "r_double": 0.17, "r_treble": 0.1074, "r_outer_bull": 0.0159, "r_inner_bull": 0.00635, "w_double_treble": 0.01, "width": 692, "height": 676}}