{"kc": {"cal1": [218.7820103536739, 64.20583979464661], "cal2": [277.45406987678666, 431.83050443234356], "cal3": [64.05914062238683, 277.2861755607802], "cal4": [432.0742636007733, 218.39166058033942], "test": [0, 0]}, "board": {"r_board": 0.2255, "r_double": 0.17, "r_treble": 0.1074, "r_outer_bull": 0.0159, "r_inner_bull": 0.00635, "w_double_treble": 0.01, "width": 500, "height": 499}}