{"kc": {"cal1": [499.29543352645584, 195.02775022141122], "cal2": [627.1796171445883, 1027.2274099020792], "cal3": [144.19025100248612, 678.4524356872283], "cal4": [979.4989746500145, 548.0759018680836], "test": [0, 0]}, "board": {"r_board": 0.2255, "r_double": 0.17, "r_treble": 0.1074, "r_outer_bull": 0.0159, "r_inner_bull": 0.00635, "w_double_treble": 0.01, "width": 1125, "height": 1199}}