{"kc": {"cal1": [424.3426424074186, 126.08635492851786], "cal2": [529.9928057811861, 828.916319121225], "cal3": [133.85467211702974, 518.7356976662153], "cal4": [809.6009937838526, 435.48132281974705], "test": [0, 0]}, "board": {"r_board": 0.2255, "r_double": 0.17, "r_treble": 0.1074, "r_outer_bull": 0.0159, "r_inner_bull": 0.00635, "w_double_treble": 0.01, "width": 942, "height": 958}}