{"kc": {"cal1": [740.2217915241918, 242.79333653782686], "cal2": [926.9702725760143, 1423.2136512625495], "cal3": [243.03124972899064, 926.3399848169696], "cal4": [1423.6342607516856, 739.4470652709329], "test": [0, 0]}, "board": {"r_board": 0.2255, "r_double": 0.17, "r_treble": 0.1074, "r_outer_bull": 0.0159, "r_inner_bull": 0.00635, "w_double_treble": 0.01, "width": 1667, "height": 1667}}