{"kc": {"cal1": [494.9135552878881, 370.4112229956329], "cal2": [706.5939101133173, 1200.9118137799685], "cal3": [188.5298622488404, 916.0494591187227], "cal4": [1032.7527753422264, 703.2852355593626], "test": [0, 0]}, "board": {"r_board": 0.2255, "r_double": 0.17, "r_treble": 0.1074, "r_outer_bull": 0.0159, "r_inner_bull": 0.00635, "w_double_treble": 0.01, "width": 1200, "height": 1600}}