{
    "combat.obj": {
        "min": [
            -0.017718,
            0.0,
            -5e-05
        ],
        "max": [
            0.017718,
            0.046572,
            5e-05
        ]
    },
    "fantail.obj": {
        "min": [
            -0.016172,
            -0.0,
            -5e-05
        ],
        "max": [
            0.016172,
            0.051147,
            5e-05
        ]
    },
    "fin.obj": {
        "min": [
            -0.015223,
            0.0,
            -5e-05
        ],
        "max": [
            0.015223,
            0.047975,
            5e-05
        ]
    },
    "heart.obj": {
        "min": [
            -0.017343,
            -0.0,
            -5e-05
        ],
        "max": [
            0.017343,
            0.046297,
            5e-05
        ]
    },
    "mini_standard.obj": {
        "min": [
            -0.015174,
            -0.0,
            -5e-05
        ],
        "max": [
            0.015174,
            0.037186,
            5e-05
        ]
    },
    "mini_vortex.obj": {
        "min": [
            -0.013048,
            0.0,
            -5e-05
        ],
        "max": [
            0.013048,
            0.041693,
            5e-05
        ]
    },
    "pear.obj": {
        "min": [
            -0.01661,
            0.0,
            -5e-05
        ],
        "max": [
            0.01661,
            0.047571,
            5e-05
        ]
    },
    "sigma.obj": {
        "min": [
            -0.017375,
            0.0,
            -5e-05
        ],
        "max": [
            0.017375,
            0.04758,
            5e-05
        ]
    },
    "slim.obj": {
        "min": [
            -0.013161,
            0.0,
            -5e-05
        ],
        "max": [
            0.013161,
            0.047784,
            5e-05
        ]
    },
    "standard.obj": {
        "min": [
            -0.019899,
            0.0,
            -5e-05
        ],
        "max": [
            0.019899,
            0.047784,
            5e-05
        ]
    },
    "vapor.obj": {
        "min": [
            -0.015048,
            0.0,
            -5e-05
        ],
        "max": [
            0.015048,
            0.048405,
            5e-05
        ]
    },
    "velos.obj": {
        "min": [
            -0.01618,
            0.0,
            -5e-05
        ],
        "max": [
            0.01618,
            0.047101,
            5e-05
        ]
    },
    "vortex.obj": {
        "min": [
            -0.015837,
            0.0,
            -5e-05
        ],
        "max": [
            0.015837,
            0.050512,
            5e-05
        ]
    },
    "vwing.obj": {
        "min": [
            -0.018739,
            -0.000107,
            -5e-05
        ],
        "max": [
            0.018739,
            0.051196,
            5e-05
        ]
    },
    "01.obj": {
        "min": [
            -0.004153,
            -1.2e-05,
            -0.004153
        ],
        "max": [
            0.004153,
            0.057564,
            0.004153
        ]
    },
    "02.obj": {
        "min": [
            -0.00435,
            -1.2e-05,
            -0.00435
        ],
        "max": [
            0.00435,
            0.056452,
            0.00435
        ]
    },
    "03.obj": {
        "min": [
            -0.004204,
            0.0,
            -0.004204
        ],
        "max": [
            0.004204,
            0.056472,
            0.004204
        ]
    },
    "04.obj": {
        "min": [
            -0.005107,
            0.0,
            -0.005107
        ],
        "max": [
            0.005107,
            0.048085,
            0.005107
        ]
    },
    "05.obj": {
        "min": [
            -0.003571,
            0.0,
            -0.003571
        ],
        "max": [
            0.003571,
            0.056094,
            0.003571
        ]
    },
    "A.obj": {
        "min": [
            -0.001304,
            0.0,
            -0.001304
        ],
        "max": [
            0.001304,
            0.055689,
            0.001304
        ]
    },
    "78152.obj": {
        "min": [
            -0.003,
            0.0,
            -0.003
        ],
        "max": [
            0.003,
            0.045218,
            0.003
        ]
    },
    "78262.obj": {
        "min": [
            -0.003,
            0.0,
            -0.003
        ],
        "max": [
            0.003,
            0.045762,
            0.003
        ]
    },
    "78281.obj": {
        "min": [
            -0.003,
            0.0,
            -0.003
        ],
        "max": [
            0.003,
            0.044867,
            0.003
        ]
    }
}