{
    "kc": {
        "cal1": [
            868.3121948242188,
            346.1211853027344
        ],
        "cal2": [
            1047.264892578125,
            1540.18994140625
        ],
        "cal3": [
            353.32586669921875,
            1080.5640869140625
        ],
        "cal4": [
            1488.2576904296875,
            855.8729248046875
        ],
        "dart0": [
            864.9752807617188,
            746.781982421875
        ],
        "dart1": [
            1092.3800048828125,
            604.8753051757812
        ],
        "dart2": [
            993.2822875976562,
            853.0591430664062
        ]
    },
    "board_file": "3D/Boards/target_wc.json"
}